id,value
1,51000000.0
2,69500000.0
4,63000000.0
5,73500000.0
6,51000000.0
10,51500000.0
11,63000000.0
15,68000000.0
17,63000000.0
23,57000000.0
25,29000000.0
28,59500000.0
31,59500000.0
35,57000000.0
39,27000000.0
40,27000000.0
43,62500000.0
48,45000000.0
51,34000000.0
55,54000000.0
56,54000000.0
57,36500000.0
61,52000000.0
62,36500000.0
69,45000000.0
70,30000000.0
71,38000000.0
74,43500000.0
80,35500000.0
82,50500000.0
84,45000000.0
85,31500000.0
88,31500000.0
90,37500000.0
91,37500000.0
95,37500000.0
101,37500000.0
104,21500000.0
111,34000000.0
113,34000000.0
116,34500000.0
120,38000000.0
122,29500000.0
130,37000000.0
136,26500000.0
138,29000000.0
141,20000000.0
144,27500000.0
146,19000000.0
147,19000000.0
150,25000000.0
151,30500000.0
152,3000000.0
158,30500000.0
159,28000000.0
160,35500000.0
162,34000000.0
168,34000000.0
172,26500000.0
177,36500000.0
181,24500000.0
183,33000000.0
184,33000000.0
186,26500000.0
187,30500000.0
192,31500000.0
193,32000000.0
194,21000000.0
200,26500000.0
201,13000000.0
204,20000000.0
206,26500000.0
208,21000000.0
219,17500000.0
221,6000000.0
227,30500000.0
231,4800000.0
233,29000000.0
235,30500000.0
237,24500000.0
238,30500000.0
239,26500000.0
255,21500000.0
258,21000000.0
260,26000000.0
272,21000000.0
273,21000000.0
275,28000000.0
279,19500000.0
281,18000000.0
284,17000000.0
286,21000000.0
292,17000000.0
300,12500000.0
301,12500000.0
303,15000000.0
304,20000000.0
315,3000000.0
318,3000000.0
320,16500000.0
322,21500000.0
323,22500000.0
326,21500000.0
328,21000000.0
337,18500000.0
339,20000000.0
342,21500000.0
343,20000000.0
360,16500000.0
364,18500000.0
365,17000000.0
367,22000000.0
368,18000000.0
369,16500000.0
372,19500000.0
376,18500000.0
379,17000000.0
380,19500000.0
383,16500000.0
385,14000000.0
386,14000000.0
390,15500000.0
391,15500000.0
393,15500000.0
400,7000000.0
403,6000000.0
413,23500000.0
416,21000000.0
423,16000000.0
424,20000000.0
426,20000000.0
427,20000000.0
428,12000000.0
429,21000000.0
431,12000000.0
432,19500000.0
433,17500000.0
439,9000000.0
443,16500000.0
444,19500000.0
446,17000000.0
449,19500000.0
456,15000000.0
457,13500000.0
464,17500000.0
468,15500000.0
472,12000000.0
474,19500000.0
483,12000000.0
488,12000000.0
494,11500000.0
499,10000000.0
505,12000000.0
506,12000000.0
510,9000000.0
511,15500000.0
512,4500000.0
517,10000000.0
521,10000000.0
522,6000000.0
523,12500000.0
526,12000000.0
531,10000000.0
540,6000000.0
547,6000000.0
555,18000000.0
556,18000000.0
563,6500000.0
564,15000000.0
566,15000000.0
573,10000000.0
574,15000000.0
581,15000000.0
588,11500000.0
590,14000000.0
591,14000000.0
595,15000000.0
596,11500000.0
597,17500000.0
599,14000000.0
600,10000000.0
602,10000000.0
603,14500000.0
606,15500000.0
613,12000000.0
615,13000000.0
620,16000000.0
623,12000000.0
624,10000000.0
628,10000000.0
630,12500000.0
635,13000000.0
636,15000000.0
638,16000000.0
662,12000000.0
664,10500000.0
665,11500000.0
670,13000000.0
672,11500000.0
677,12500000.0
680,11500000.0
695,10000000.0
705,8500000.0
713,6500000.0
716,6500000.0
717,6500000.0
720,13000000.0
723,13000000.0
725,18000000.0
731,7500000.0
733,7500000.0
734,12500000.0
738,15000000.0
740,12000000.0
743,13000000.0
747,14500000.0
750,14000000.0
752,12500000.0
753,13000000.0
756,10500000.0
758,10000000.0
768,14500000.0
770,14000000.0
772,13000000.0
773,10500000.0
791,13000000.0
793,14000000.0
794,10000000.0
798,12500000.0
799,8500000.0
801,14000000.0
804,14000000.0
805,13000000.0
811,10500000.0
822,10000000.0
824,13500000.0
827,11000000.0
828,11000000.0
832,10000000.0
837,9500000.0
844,10000000.0
851,9500000.0
852,9500000.0
854,10000000.0
856,12500000.0
860,10000000.0
867,7000000.0
877,9500000.0
880,6000000.0
883,10000000.0
885,8000000.0
889,11000000.0
891,8500000.0
894,3400000.0
897,9000000.0
898,9000000.0
899,4700000.0
904,9000000.0
906,10000000.0
907,9000000.0
910,8500000.0
915,3200000.0
917,9000000.0
919,11000000.0
925,10500000.0
928,6500000.0
940,3600000.0
945,9000000.0
946,9000000.0
951,8500000.0
953,12000000.0
959,4700000.0
961,7000000.0
963,8500000.0
965,5500000.0
971,5000000.0
973,6500000.0
983,4500000.0
985,9000000.0
997,6000000.0
998,7000000.0
999,9000000.0
1004,3600000.0
1012,6500000.0
1014,9000000.0
1021,5000000.0
1024,10500000.0
1028,11000000.0
1034,7500000.0
1037,8500000.0
1038,10500000.0
1041,8500000.0
1043,7000000.0
1044,11000000.0
1048,10500000.0
1054,16000000.0
1058,9000000.0
1059,7000000.0
1061,10000000.0
1068,2500000.0
1070,6000000.0
1075,11500000.0
1076,3200000.0
1078,8000000.0
1080,7000000.0
1082,12500000.0
1084,2100000.0
1085,6500000.0
1088,9000000.0
1091,11000000.0
1094,12000000.0
1096,9500000.0
1099,8500000.0
1101,9000000.0
1103,9000000.0
1107,10500000.0
1108,9000000.0
1110,7000000.0
1117,9000000.0
1119,10000000.0
1120,8000000.0
1122,7500000.0
1130,15500000.0
1136,14500000.0
1137,7000000.0
1139,12000000.0
1140,9000000.0
1141,12500000.0
1144,9000000.0
1148,9000000.0
1165,8500000.0
1168,12500000.0
1174,10000000.0
1179,10000000.0
1187,9500000.0
1188,10000000.0
1190,2200000.0
1196,7500000.0
1197,3100000.0
1200,10000000.0
1201,10000000.0
1203,4900000.0
1205,8500000.0
1208,8500000.0
1212,8000000.0
1213,7500000.0
1214,10500000.0
1217,7500000.0
1224,6000000.0
1228,9500000.0
1229,6500000.0
1239,7500000.0
1240,7500000.0
1247,11000000.0
1259,11500000.0
1261,8500000.0
1265,9500000.0
1268,8000000.0
1269,1000000.0
1271,12500000.0
1274,8000000.0
1275,8000000.0
1276,8500000.0
1277,2200000.0
1278,8500000.0
1288,6000000.0
1291,7500000.0
1296,8500000.0
1297,8000000.0
1302,11500000.0
1304,10000000.0
1306,8000000.0
1307,3100000.0
1309,2200000.0
1310,8000000.0
1314,6500000.0
1316,8000000.0
1317,12500000.0
1323,5000000.0
1324,7500000.0
1325,9000000.0
1326,1000000.0
1331,5000000.0
1333,7500000.0
1334,8000000.0
1335,7500000.0
1337,8500000.0
1347,10500000.0
1348,5500000.0
1354,8500000.0
1355,4700000.0
1358,10000000.0
1362,8500000.0
1363,4300000.0
1375,8000000.0
1377,8500000.0
1380,11000000.0
1382,6500000.0
1391,4700000.0
1397,7500000.0
1400,7500000.0
1401,7500000.0
1405,10500000.0
1408,5500000.0
1409,7500000.0
1411,7000000.0
1417,5000000.0
1420,14000000.0
1421,9500000.0
1425,6000000.0
1428,6500000.0
1431,10500000.0
1436,7500000.0
1448,5500000.0
1450,7500000.0
1458,5500000.0
1459,10000000.0
1463,8000000.0
1471,8500000.0
1473,7000000.0
1474,7500000.0
1476,11500000.0
1482,7500000.0
1487,7500000.0
1491,10500000.0
1496,4400000.0
1497,9000000.0
1498,9500000.0
1504,8500000.0
1507,9500000.0
1509,7500000.0
1513,6500000.0
1518,7500000.0
1519,5000000.0
1522,7000000.0
1532,9500000.0
1534,12500000.0
1538,8500000.0
1542,7000000.0
1544,7000000.0
1549,8500000.0
1558,8000000.0
1562,6500000.0
1563,6000000.0
1564,7000000.0
1565,3700000.0
1568,5000000.0
1569,7000000.0
1570,5000000.0
1573,6500000.0
1574,7000000.0
1578,6500000.0
1580,9000000.0
1581,2700000.0
1585,6500000.0
1591,2000000.0
1598,5500000.0
1600,8000000.0
1609,7000000.0
1614,8000000.0
1619,8000000.0
1628,7000000.0
1630,7000000.0
1633,6500000.0
1638,6500000.0
1651,2700000.0
1652,8000000.0
1659,5000000.0
1663,7000000.0
1667,1600000.0
1668,7000000.0
1670,8500000.0
1671,8500000.0
1675,4900000.0
1678,7000000.0
1681,8000000.0
1683,6500000.0
1687,7500000.0
1689,8500000.0
1690,6500000.0
1697,9500000.0
1700,6500000.0
1711,6500000.0
1713,4900000.0
1720,5500000.0
1723,11000000.0
1729,9500000.0
1730,6500000.0
1735,8500000.0
1736,7000000.0
1737,6000000.0
1738,6500000.0
1741,8500000.0
1747,7500000.0
1753,6500000.0
1755,7000000.0
1764,5500000.0
1766,9000000.0
1770,2700000.0
1775,5000000.0
1776,6500000.0
1783,8500000.0
1789,7000000.0
1794,7000000.0
1795,5500000.0
1799,9500000.0
1802,5500000.0
1805,450000.0
1808,8500000.0
1811,4500000.0
1812,8000000.0
1813,8500000.0
1816,8500000.0
1817,9000000.0
1820,900000.0
1828,7000000.0
1837,8500000.0
1838,7500000.0
1840,4900000.0
1841,9500000.0
1842,10000000.0
1843,4000000.0
1845,8500000.0
1847,4400000.0
1848,6500000.0
1853,5500000.0
1855,8500000.0
1856,7500000.0
1861,6500000.0
1864,8000000.0
1871,6000000.0
1873,4400000.0
1874,9000000.0
1875,8500000.0
1876,6500000.0
1877,6500000.0
1885,7500000.0
1887,9000000.0
1894,7000000.0
1896,8500000.0
1897,8000000.0
1905,6500000.0
1908,4000000.0
1909,10500000.0
1912,5000000.0
1918,11000000.0
1922,10500000.0
1923,7000000.0
1926,8500000.0
1930,6000000.0
1935,6500000.0
1949,6500000.0
1960,6500000.0
1967,6500000.0
1968,6500000.0
1969,4500000.0
1973,4400000.0
1974,4500000.0
1976,450000.0
1977,6500000.0
1978,9000000.0
1982,7000000.0
1986,4200000.0
1996,7000000.0
2002,5000000.0
2010,9000000.0
2013,8000000.0
2014,4400000.0
2024,6000000.0
2026,1300000.0
2027,8000000.0
2028,5500000.0
2031,2300000.0
2033,5500000.0
2038,7500000.0
2041,5500000.0
2047,5500000.0
2054,6000000.0
2055,7000000.0
2057,6500000.0
2059,5500000.0
2062,6000000.0
2063,6500000.0
2074,1300000.0
2077,6000000.0
2089,7000000.0
2092,7500000.0
2095,4200000.0
2099,5500000.0
2108,7500000.0
2116,3300000.0
2117,8000000.0
2120,3600000.0
2130,4900000.0
2131,1700000.0
2133,5500000.0
2135,4800000.0
2138,2800000.0
2139,7500000.0
2140,7000000.0
2143,4400000.0
2144,7000000.0
2146,5500000.0
2148,1700000.0
2153,8000000.0
2160,3200000.0
2173,6000000.0
2179,6000000.0
2180,7500000.0
2181,2800000.0
2182,650000.0
2183,1300000.0
2184,7500000.0
2189,2800000.0
2190,7000000.0
2191,7000000.0
2192,7500000.0
2200,5500000.0
2205,5000000.0
2206,6000000.0
2207,8500000.0
2212,4400000.0
2215,1700000.0
2219,6000000.0
2229,9500000.0
2232,4900000.0
2238,5500000.0
2241,7500000.0
2244,3800000.0
2247,750000.0
2249,6500000.0
2250,650000.0
2254,6000000.0
2255,6000000.0
2262,6000000.0
2264,7000000.0
2268,7000000.0
2269,7500000.0
2281,2300000.0
2284,5500000.0
2288,4400000.0
2296,6000000.0
2299,7500000.0
2300,7000000.0
2302,8500000.0
2305,8500000.0
2310,5000000.0
2325,6000000.0
2327,4900000.0
2332,6500000.0
2333,4400000.0
2343,6500000.0
2347,8000000.0
2350,4400000.0
2356,6500000.0
2359,9500000.0
2365,4300000.0
2370,5000000.0
2372,7500000.0
2375,5500000.0
2382,6000000.0
2383,8000000.0
2386,4200000.0
2390,6500000.0
2398,4500000.0
2403,7000000.0
2406,5500000.0
2411,4800000.0
2418,3200000.0
2419,6000000.0
2422,6500000.0
2429,5500000.0
2430,8500000.0
2431,6500000.0
2434,5500000.0
2439,6000000.0
2443,6000000.0
2445,9500000.0
2449,6500000.0
2452,4300000.0
2456,6000000.0
2459,7000000.0
2465,5500000.0
2476,4300000.0
2485,6000000.0
2488,3300000.0
2490,7000000.0
2491,6500000.0
2492,5500000.0
2501,2300000.0
2503,6500000.0
2506,6000000.0
2508,5500000.0
2510,4500000.0
2513,7000000.0
2520,5500000.0
2521,4400000.0
2525,6500000.0
2526,1200000.0
2529,3500000.0
2530,4000000.0
2535,2400000.0
2536,3900000.0
2540,270000.0
2543,2000000.0
2547,4800000.0
2549,1200000.0
2558,4000000.0
2559,3900000.0
2562,5500000.0
2568,270000.0
2570,4000000.0
2571,5000000.0
2573,2000000.0
2575,4000000.0
2576,3100000.0
2577,3200000.0
2578,3100000.0
2581,5000000.0
2582,4100000.0
2583,4800000.0
2584,3900000.0
2586,1200000.0
2587,4100000.0
2595,2700000.0
2600,4300000.0
2603,4100000.0
2604,5500000.0
2605,3100000.0
2606,4700000.0
2610,5000000.0
2613,3800000.0
2630,4900000.0
2631,550000.0
2632,5500000.0
2652,3800000.0
2659,3400000.0
2662,4900000.0
2665,1900000.0
2667,5500000.0
2668,5500000.0
2672,3500000.0
2674,3100000.0
2675,3100000.0
2676,4300000.0
2678,3900000.0
2685,4300000.0
2689,2000000.0
2691,2700000.0
2694,5000000.0
2695,2000000.0
2697,3500000.0
2699,3900000.0
2700,3000000.0
2701,2700000.0
2705,4000000.0
2716,3100000.0
2718,3200000.0
2721,3200000.0
2733,5500000.0
2737,1800000.0
2739,5500000.0
2748,5000000.0
2749,3800000.0
2752,3800000.0
2753,2600000.0
2755,550000.0
2765,2300000.0
2766,3100000.0
2774,3900000.0
2775,4000000.0
2776,4500000.0
2777,2300000.0
2779,3200000.0
2785,5500000.0
2786,7000000.0
2796,3800000.0
2797,2700000.0
2805,5000000.0
2807,5000000.0
2809,7000000.0
2810,3100000.0
2816,3400000.0
2817,3500000.0
2819,5000000.0
2827,4000000.0
2833,3800000.0
2835,5500000.0
2837,3000000.0
2841,5000000.0
2842,5000000.0
2843,5000000.0
2851,3100000.0
2854,6000000.0
2860,3800000.0
2863,2000000.0
2869,3900000.0
2874,1600000.0
2876,1900000.0
2877,4200000.0
2878,4000000.0
2882,5500000.0
2887,3200000.0
2889,4000000.0
2890,3600000.0
2903,4500000.0
2906,2400000.0
2910,4700000.0
2912,5000000.0
2913,3100000.0
2918,4300000.0
2921,3200000.0
2922,5500000.0
2925,6500000.0
2927,3800000.0
2930,3800000.0
2936,3000000.0
2937,2400000.0
2943,3900000.0
2946,550000.0
2947,3100000.0
2949,270000.0
2952,3600000.0
2953,2700000.0
2955,3900000.0
2957,3200000.0
2960,3900000.0
2962,2400000.0
2963,4000000.0
2969,5500000.0
2977,3100000.0
2979,3900000.0
2980,5500000.0
2992,5500000.0
2994,5500000.0
3002,4200000.0
3008,7000000.0
3009,1600000.0
3011,3200000.0
3016,5000000.0
3022,4500000.0
3023,3900000.0
3031,4000000.0
3035,3800000.0
3039,3700000.0
3045,7000000.0
3048,4000000.0
3052,3100000.0
3055,5000000.0
3056,4800000.0
3058,2400000.0
3068,5000000.0
3069,5500000.0
3070,6000000.0
3072,3800000.0
3073,4900000.0
3074,5500000.0
3075,5500000.0
3077,5500000.0
3080,3000000.0
3091,5000000.0
3102,3400000.0
3106,3400000.0
3116,3300000.0
3123,2700000.0
3124,3700000.0
3126,4000000.0
3130,4600000.0
3137,1600000.0
3139,2700000.0
3146,4400000.0
3147,4100000.0
3152,3700000.0
3160,3300000.0
3166,2900000.0
3168,3400000.0
3170,3400000.0
3172,4200000.0
3173,5500000.0
3176,950000.0
3177,1800000.0
3197,3400000.0
3200,4200000.0
3201,3600000.0
3204,3900000.0
3206,4300000.0
3210,3300000.0
3219,2700000.0
3220,2500000.0
3229,2500000.0
3232,4900000.0
3235,2900000.0
3236,2600000.0
3239,2200000.0
3240,725000.0
3249,3200000.0
3257,3300000.0
3260,4600000.0
3262,4100000.0
3264,2100000.0
3267,3200000.0
3268,2600000.0
3272,3600000.0
3278,3700000.0
3286,3100000.0
3290,2000000.0
3291,2500000.0
3292,4400000.0
3293,3300000.0
3296,1800000.0
3305,3200000.0
3308,2500000.0
3309,2900000.0
3315,2700000.0
3319,2900000.0
3320,2500000.0
3326,4300000.0
3330,4200000.0
3333,2900000.0
3334,4500000.0
3337,3500000.0
3341,3700000.0
3342,3500000.0
3343,2900000.0
3345,3800000.0
3346,3300000.0
3347,725000.0
3355,3100000.0
3358,1800000.0
3359,2900000.0
3361,4600000.0
3362,4600000.0
3364,875000.0
3365,2400000.0
3367,3100000.0
3369,3900000.0
3374,4100000.0
3386,2700000.0
3389,1800000.0
3390,3200000.0
3395,3300000.0
3403,3900000.0
3410,2400000.0
3411,3700000.0
3413,2400000.0
3417,3700000.0
3419,4200000.0
3425,1700000.0
3426,1700000.0
3429,975000.0
3433,2900000.0
3436,3700000.0
3445,1700000.0
3447,3300000.0
3448,3700000.0
3454,3100000.0
3461,2900000.0
3468,3900000.0
3470,2700000.0
3475,2400000.0
3482,3700000.0
3484,3100000.0
3491,6000000.0
3492,975000.0
3496,1800000.0
3500,3400000.0
3514,425000.0
3524,4600000.0
3526,3900000.0
3527,4200000.0
3528,3700000.0
3532,4600000.0
3534,3900000.0
3535,3400000.0
3539,4200000.0
3540,2500000.0
3555,3300000.0
3563,2300000.0
3569,3200000.0
3572,4200000.0
3575,3800000.0
3584,3100000.0
3588,4400000.0
3597,3600000.0
3598,3300000.0
3601,2500000.0
3612,4600000.0
3614,2800000.0
3615,1800000.0
3618,3900000.0
3625,2600000.0
3655,950000.0
3661,2400000.0
3665,3900000.0
3666,875000.0
3675,3400000.0
3683,5500000.0
3685,2100000.0
3688,3500000.0
3690,5000000.0
3697,2500000.0
3710,950000.0
3716,2400000.0
3727,3200000.0
3738,2600000.0
3745,2100000.0
3749,4500000.0
3754,4300000.0
3776,2900000.0
3778,5000000.0
3784,3900000.0
3786,2500000.0
3788,2200000.0
3791,3600000.0
3803,3700000.0
3809,4600000.0
3811,2700000.0
3817,2900000.0
3820,3200000.0
3824,3200000.0
3826,2400000.0
3829,550000.0
3831,3000000.0
3832,3400000.0
3836,1500000.0
3845,2700000.0
3846,2500000.0
3848,2800000.0
3849,2300000.0
3857,1800000.0
3859,2400000.0
3861,2800000.0
3867,3200000.0
3876,2200000.0
3877,2300000.0
3878,850000.0
3883,1800000.0
3885,2500000.0
3889,1800000.0
3890,2400000.0
3891,2800000.0
3913,2200000.0
3920,3500000.0
3922,1500000.0
3930,1500000.0
3931,3300000.0
3934,4000000.0
3941,2500000.0
3942,675000.0
3945,2400000.0
3950,325000.0
3951,550000.0
3959,270000.0
3960,950000.0
3962,1400000.0
3972,4000000.0
3982,1800000.0
3984,2700000.0
3986,2200000.0
3988,3000000.0
3989,3200000.0
3990,2600000.0
3991,2400000.0
3995,1700000.0
3997,2200000.0
4000,2600000.0
4002,2200000.0
4007,1800000.0
4010,2500000.0
4012,3200000.0
4013,2400000.0
4019,2200000.0
4028,160000.0
4032,2700000.0
4035,2500000.0
4038,2200000.0
4040,3800000.0
4042,2300000.0
4046,3200000.0
4054,2600000.0
4065,4000000.0
4073,2400000.0
4074,950000.0
4084,1800000.0
4106,2500000.0
4108,1400000.0
4109,950000.0
4110,3800000.0
4111,2400000.0
4112,2700000.0
4113,1400000.0
4115,675000.0
4119,2000000.0
4123,3200000.0
4129,1800000.0
4131,1700000.0
4133,1800000.0
4138,3200000.0
4143,2400000.0
4146,2400000.0
4151,1700000.0
4161,950000.0
4163,2200000.0
4166,750000.0
4168,2500000.0
4171,1800000.0
4180,2200000.0
4185,1800000.0
4189,2600000.0
4190,1800000.0
4191,2500000.0
4197,1700000.0
4201,1700000.0
4208,2500000.0
4213,2400000.0
4219,4100000.0
4221,3200000.0
4226,1400000.0
4233,2700000.0
4241,1400000.0
4245,3400000.0
4256,2200000.0
4261,2500000.0
4262,3200000.0
4268,325000.0
4274,325000.0
4278,1700000.0
4279,1800000.0
4280,3200000.0
4289,2400000.0
4291,2500000.0
4294,2600000.0
4301,2600000.0
4308,2400000.0
4310,3500000.0
4312,2800000.0
4315,2500000.0
4321,2900000.0
4325,2300000.0
4326,2100000.0
4327,1800000.0
4328,270000.0
4329,2500000.0
4341,2200000.0
4343,2200000.0
4349,2500000.0
4350,1400000.0
4357,1600000.0
4359,1800000.0
4362,550000.0
4364,1800000.0
4366,1900000.0
4369,550000.0
4376,2800000.0
4380,2600000.0
4381,2400000.0
4383,950000.0
4388,2300000.0
4395,3800000.0
4396,2500000.0
4407,1500000.0
4414,2800000.0
4415,1600000.0
4416,3200000.0
4419,675000.0
4425,2500000.0
4427,3200000.0
4432,1800000.0
4433,2500000.0
4435,2700000.0
4440,3200000.0
4441,1000000.0
4443,1600000.0
4446,3800000.0
4454,2800000.0
4462,2200000.0
4474,3000000.0
4481,950000.0
4484,3800000.0
4489,2000000.0
4491,1900000.0
4492,2500000.0
4505,1500000.0
4510,1400000.0
4520,2200000.0
4521,2300000.0
4522,2300000.0
4529,950000.0
4531,2500000.0
4532,1900000.0
4557,2200000.0
4561,2200000.0
4562,2400000.0
4564,1900000.0
4566,1000000.0
4571,2100000.0
4581,2400000.0
4584,3200000.0
4585,1900000.0
4590,2200000.0
4594,2100000.0
4595,1400000.0
4596,1900000.0
4598,2000000.0
4601,2200000.0
4604,2700000.0
4605,2700000.0
4610,1900000.0
4618,1700000.0
4619,2100000.0
4620,1400000.0
4623,2800000.0
4628,1500000.0
4635,1700000.0
4645,1300000.0
4652,2400000.0
4654,1400000.0
4655,2100000.0
4656,1800000.0
4657,925000.0
4661,925000.0
4662,1300000.0
4663,725000.0
4665,2300000.0
4670,2000000.0
4671,2000000.0
4672,2200000.0
4675,975000.0
4676,1300000.0
4678,2600000.0
4681,1200000.0
4684,1800000.0
4687,1200000.0
4697,2800000.0
4705,1800000.0
4707,2000000.0
4714,1800000.0
4715,1800000.0
4717,1500000.0
4721,1700000.0
4725,2100000.0
4726,1600000.0
4730,2400000.0
4732,1900000.0
4734,1800000.0
4735,1400000.0
4741,1900000.0
4750,2200000.0
4757,1600000.0
4760,2200000.0
4765,1600000.0
4767,1200000.0
4769,1700000.0
4770,925000.0
4773,1200000.0
4775,900000.0
4779,1900000.0
4783,3800000.0
4787,1400000.0
4794,1800000.0
4796,2300000.0
4797,1600000.0
4801,2200000.0
4806,1800000.0
4808,2400000.0
4814,3100000.0
4820,1700000.0
4825,1800000.0
4828,1800000.0
4840,1000000.0
4844,2500000.0
4845,1900000.0
4846,1800000.0
4851,2500000.0
4862,2400000.0
4864,1700000.0
4871,1900000.0
4872,2400000.0
4874,1500000.0
4877,1300000.0
4878,1900000.0
4886,725000.0
4888,1400000.0
4893,1500000.0
4900,1900000.0
4921,2100000.0
4929,1400000.0
4934,1800000.0
4935,2800000.0
4938,1000000.0
4949,1600000.0
4951,1900000.0
4952,1500000.0
4955,2200000.0
4963,2500000.0
4977,2300000.0
4984,1800000.0
4987,1400000.0
4991,1600000.0
5001,900000.0
5002,2600000.0
5011,2200000.0
5012,2300000.0
5015,2000000.0
5018,1600000.0
5022,2500000.0
5024,2100000.0
5027,2700000.0
5031,2200000.0
5042,1900000.0
5043,3200000.0
5044,1400000.0
5048,2400000.0
5054,2700000.0
5055,2700000.0
5056,2500000.0
5059,1400000.0
5065,1200000.0
5066,1800000.0
5070,2900000.0
5072,1600000.0
5078,1400000.0
5083,550000.0
5100,2400000.0
5101,240000.0
5104,1300000.0
5106,2000000.0
5107,1900000.0
5108,2500000.0
5112,1700000.0
5117,2800000.0
5118,1400000.0
5120,2100000.0
5124,1400000.0
5128,1700000.0
5132,1700000.0
5134,1300000.0
5137,2200000.0
5139,1700000.0
5141,2700000.0
5147,1700000.0
5148,1400000.0
5158,2100000.0
5162,1700000.0
5164,3200000.0
5170,1300000.0
5171,1800000.0
5176,1800000.0
5180,1800000.0
5181,2300000.0
5182,1500000.0
5188,2000000.0
5197,2100000.0
5198,2500000.0
5201,1900000.0
5215,500000.0
5216,2500000.0
5217,1800000.0
5220,1800000.0
5221,1800000.0
5223,2000000.0
5226,1400000.0
5227,2300000.0
5233,2300000.0
5239,2000000.0
5240,3200000.0
5242,1700000.0
5243,3100000.0
5245,1900000.0
5247,1300000.0
5252,1800000.0
5255,2500000.0
5260,1900000.0
5264,975000.0
5269,2100000.0
5272,1400000.0
5276,2800000.0
5282,1700000.0
5286,2600000.0
5290,2000000.0
5291,2400000.0
5296,2100000.0
5303,2100000.0
5304,1400000.0
5309,1800000.0
5317,2500000.0
5319,2200000.0
5322,1000000.0
5324,725000.0
5325,1200000.0
5329,2600000.0
5330,3700000.0
5333,3100000.0
5334,2700000.0
5340,1200000.0
5342,240000.0
5346,2400000.0
5349,1700000.0
5350,1500000.0
5355,2400000.0
5360,1700000.0
5374,1400000.0
5376,2500000.0
5377,2300000.0
5389,550000.0
5393,1000000.0
5395,2000000.0
5396,1500000.0
5397,2800000.0
5398,725000.0
5399,1200000.0
5401,1500000.0
5402,1400000.0
5405,1200000.0
5413,2200000.0
5417,1200000.0
5418,1800000.0
5419,1100000.0
5426,875000.0
5429,600000.0
5431,1100000.0
5432,1100000.0
5436,1200000.0
5439,1000000.0
5440,675000.0
5455,600000.0
5456,1000000.0
5468,825000.0
5469,650000.0
5472,700000.0
5473,825000.0
5475,1300000.0
5481,425000.0
5482,1100000.0
5490,700000.0
5494,1100000.0
5499,1600000.0
5504,1100000.0
5513,250000.0
5528,1100000.0
5535,1600000.0
5542,1100000.0
5543,1100000.0
5546,875000.0
5547,1100000.0
5552,475000.0
5553,600000.0
5557,1000000.0
5558,1300000.0
5566,1100000.0
5567,775000.0
5576,650000.0
5583,825000.0
5585,250000.0
5590,875000.0
5594,250000.0
5602,1600000.0
5603,1000000.0
5610,875000.0
5620,1100000.0
5623,1100000.0
5641,1400000.0
5647,1100000.0
5649,950000.0
5660,1400000.0
5661,1300000.0
5668,1000000.0
5673,1200000.0
5675,700000.0
5676,1100000.0
5682,1200000.0
5686,1200000.0
5689,600000.0
5696,825000.0
5713,1400000.0
5715,1700000.0
5717,1000000.0
5724,825000.0
5729,1000000.0
5733,1000000.0
5737,2100000.0
5740,650000.0
5741,1000000.0
5750,1100000.0
5758,1000000.0
5759,1600000.0
5763,1200000.0
5764,1000000.0
5776,1300000.0
5777,875000.0
5780,925000.0
5783,825000.0
5784,1200000.0
5788,1200000.0
5790,950000.0
5792,600000.0
5794,1400000.0
5799,625000.0
5807,1100000.0
5808,1100000.0
5812,300000.0
5813,1400000.0
5819,1300000.0
5824,1100000.0
5826,1200000.0
5838,1400000.0
5840,1300000.0
5851,1200000.0
5852,1100000.0
5861,1200000.0
5863,775000.0
5870,1200000.0
5871,925000.0
5872,1100000.0
5878,1500000.0
5888,475000.0
5893,1200000.0
5902,1300000.0
5905,1600000.0
5907,1400000.0
5909,825000.0
5922,300000.0
5926,140000.0
5929,1400000.0
5933,1300000.0
5940,1300000.0
5948,625000.0
5949,700000.0
5955,600000.0
5956,300000.0
5959,1400000.0
5962,800000.0
5963,1200000.0
5965,425000.0
5966,1400000.0
5968,1700000.0
5969,950000.0
5970,1100000.0
5971,1900000.0
5972,775000.0
5974,1400000.0
5975,1300000.0
5977,1500000.0
5981,1600000.0
5983,1600000.0
5986,1200000.0
5988,1100000.0
5990,1000000.0
5997,825000.0
5998,700000.0
6002,675000.0
6008,825000.0
6010,600000.0
6013,450000.0
6016,250000.0
6031,775000.0
6032,1400000.0
6036,825000.0
6037,675000.0
6038,1300000.0
6041,1300000.0
6046,825000.0
6047,825000.0
6058,1000000.0
6063,675000.0
6065,700000.0
6066,1500000.0
6081,1100000.0
6085,1100000.0
6086,1100000.0
6088,1000000.0
6090,1600000.0
6093,700000.0
6095,775000.0
6098,1500000.0
6099,1300000.0
6104,1100000.0
6105,1100000.0
6111,1600000.0
6115,1400000.0
6116,1300000.0
6122,1000000.0
6131,1000000.0
6135,1300000.0
6136,1600000.0
6140,600000.0
6141,1200000.0
6142,1100000.0
6143,650000.0
6144,1100000.0
6145,1200000.0
6151,1100000.0
6152,700000.0
6154,1100000.0
6161,600000.0
6162,1400000.0
6169,1000000.0
6170,1300000.0
6173,1000000.0
6181,1300000.0
6184,1100000.0
6185,975000.0
6187,1100000.0
6192,1400000.0
6194,950000.0
6200,1500000.0
6202,1300000.0
6203,825000.0
6204,825000.0
6212,1400000.0
6213,1000000.0
6215,300000.0
6217,1000000.0
6218,1100000.0
6221,1500000.0
6226,1700000.0
6227,1800000.0
6228,875000.0
6229,525000.0
6236,1000000.0
6237,300000.0
6238,1800000.0
6245,1400000.0
6250,1200000.0
6252,1100000.0
6254,1600000.0
6258,1300000.0
6260,1600000.0
6262,450000.0
6274,1100000.0
6281,825000.0
6285,1100000.0
6288,1100000.0
6300,1000000.0
6302,1200000.0
6307,1000000.0
6308,1300000.0
6311,425000.0
6317,2000000.0
6328,1300000.0
6331,900000.0
6333,975000.0
6335,1200000.0
6343,925000.0
6344,1200000.0
6349,300000.0
6353,1100000.0
6355,925000.0
6359,750000.0
6367,1100000.0
6368,1700000.0
6369,950000.0
6370,975000.0
6373,1000000.0
6382,850000.0
6385,1000000.0
6386,875000.0
6387,725000.0
6389,650000.0
6394,1500000.0
6411,270000.0
6413,1200000.0
6417,975000.0
6423,700000.0
6425,1200000.0
6444,270000.0
6449,1700000.0
6455,875000.0
6460,1100000.0
6467,925000.0
6470,675000.0
6476,950000.0
6479,1100000.0
6480,1400000.0
6486,525000.0
6487,1200000.0
6493,875000.0
6497,1100000.0
6499,950000.0
6501,600000.0
6503,525000.0
6505,600000.0
6507,850000.0
6511,950000.0
6512,900000.0
6521,1100000.0
6522,950000.0
6532,725000.0
6534,750000.0
6536,350000.0
6538,800000.0
6541,900000.0
6550,1200000.0
6561,450000.0
6564,1600000.0
6569,700000.0
6577,750000.0
6579,600000.0
6583,900000.0
6587,1000000.0
6592,850000.0
6603,250000.0
6607,1200000.0
6613,950000.0
6626,850000.0
6647,650000.0
6650,1100000.0
6657,1200000.0
6663,850000.0
6672,1300000.0
6677,600000.0
6678,900000.0
6681,650000.0
6683,650000.0
6685,700000.0
6689,600000.0
6691,625000.0
6692,850000.0
6699,1100000.0
6709,525000.0
6719,675000.0
6731,525000.0
6738,975000.0
6739,900000.0
6740,875000.0
6746,925000.0
6751,1000000.0
6755,775000.0
6756,925000.0
6757,925000.0
6768,925000.0
6779,1200000.0
6780,825000.0
6782,1500000.0
6783,1200000.0
6787,1300000.0
6788,525000.0
6795,1100000.0
6799,950000.0
6804,850000.0
6811,1700000.0
6813,375000.0
6814,950000.0
6816,1000000.0
6824,850000.0
6825,210000.0
6826,350000.0
6827,600000.0
6835,1100000.0
6845,1200000.0
6851,625000.0
6852,1500000.0
6858,875000.0
6862,850000.0
6866,1000000.0
6867,925000.0
6868,800000.0
6880,975000.0
6883,850000.0
6899,1200000.0
6901,1100000.0
6902,1100000.0
6907,900000.0
6914,1000000.0
6916,1200000.0
6917,650000.0
6932,950000.0
6936,1500000.0
6947,925000.0
6949,900000.0
6950,925000.0
6954,775000.0
6971,1600000.0
6973,1100000.0
6974,1100000.0
6982,1500000.0
6983,850000.0
6998,1200000.0
7006,1200000.0
7008,900000.0
7030,750000.0
7036,675000.0
7037,650000.0
7038,1200000.0
7043,1800000.0
7051,1200000.0
7053,1100000.0
7059,900000.0
7060,1500000.0
7062,850000.0
7067,2100000.0
7070,900000.0
7076,1200000.0
7078,1500000.0
7079,60000.0
7084,1000000.0
7090,1000000.0
7091,1100000.0
7093,1600000.0
7100,1100000.0
7104,675000.0
7108,750000.0
7111,1000000.0
7112,1200000.0
7115,950000.0
7117,650000.0
7127,900000.0
7133,675000.0
7136,1200000.0
7138,825000.0
7145,900000.0
7146,825000.0
7151,475000.0
7163,925000.0
7171,250000.0
7173,675000.0
7187,1700000.0
7193,1300000.0
7195,600000.0
7201,1100000.0
7208,850000.0
7211,825000.0
7213,475000.0
7221,1200000.0
7223,900000.0
7233,1200000.0
7235,700000.0
7236,1100000.0
7244,850000.0
7245,1300000.0
7248,825000.0
7249,700000.0
7252,725000.0
7261,270000.0
7271,1600000.0
7272,800000.0
7275,375000.0
7292,775000.0
7295,1200000.0
7300,1000000.0
7302,825000.0
7304,725000.0
7312,725000.0
7314,900000.0
7325,975000.0
7329,1100000.0
7330,975000.0
7334,1200000.0
7336,575000.0
7340,230000.0
7341,900000.0
7351,750000.0
7356,900000.0
7360,675000.0
7364,800000.0
7372,800000.0
7373,575000.0
7383,725000.0
7385,325000.0
7394,825000.0
7398,900000.0
7401,375000.0
7408,875000.0
7409,1200000.0
7410,725000.0
7417,1100000.0
7418,625000.0
7419,775000.0
7429,1400000.0
7444,800000.0
7450,1400000.0
7454,850000.0
7459,230000.0
7462,775000.0
7466,450000.0
7469,900000.0
7478,300000.0
7493,900000.0
7502,300000.0
7504,975000.0
7511,600000.0
7512,975000.0
7515,230000.0
7520,1200000.0
7523,90000.0
7524,675000.0
7527,1300000.0
7544,700000.0
7554,1700000.0
7555,1000000.0
7559,800000.0
7560,900000.0
7564,1400000.0
7569,1100000.0
7571,1500000.0
7579,1100000.0
7583,925000.0
7584,1000000.0
7586,925000.0
7598,1000000.0
7605,1100000.0
7612,700000.0
7614,725000.0
7615,925000.0
7616,900000.0
7618,800000.0
7620,625000.0
7623,1000000.0
7627,750000.0
7630,975000.0
7631,750000.0
7632,800000.0
7636,875000.0
7643,1100000.0
7644,180000.0
7647,850000.0
7650,625000.0
7651,625000.0
7653,1000000.0
7657,230000.0
7658,975000.0
7667,1200000.0
7676,825000.0
7677,800000.0
7683,1200000.0
7689,950000.0
7703,1200000.0
7705,725000.0
7710,550000.0
7712,675000.0
7722,725000.0
7729,900000.0
7731,900000.0
7733,800000.0
7735,600000.0
7741,675000.0
7746,750000.0
7750,825000.0
7751,575000.0
7757,725000.0
7759,1400000.0
7772,875000.0
7773,925000.0
7785,1000000.0
7789,1000000.0
7801,1000000.0
7806,975000.0
7809,1300000.0
7818,1100000.0
7819,900000.0
7823,575000.0
7825,825000.0
7828,1000000.0
7829,550000.0
7831,900000.0
7834,1000000.0
7835,725000.0
7840,800000.0
7842,300000.0
7846,1300000.0
7850,1100000.0
7851,750000.0
7856,700000.0
7865,1300000.0
7871,975000.0
7886,1100000.0
7891,1100000.0
7893,1200000.0
7895,925000.0
7898,1100000.0
7902,800000.0
7907,300000.0
7909,1000000.0
7915,1100000.0
7916,850000.0
7917,900000.0
7929,400000.0
7931,100000.0
7937,925000.0
7938,725000.0
7940,750000.0
7941,600000.0
7945,525000.0
7946,1000000.0
7955,800000.0
7956,1100000.0
7960,525000.0
7961,1100000.0
7962,725000.0
7967,900000.0
7968,900000.0
7978,800000.0
7979,100000.0
7987,800000.0
7991,180000.0
8000,1400000.0
8004,600000.0
8006,1200000.0
8007,675000.0
8011,800000.0
8014,900000.0
8029,1000000.0
8036,1000000.0
8037,450000.0
8042,975000.0
8043,725000.0
8047,750000.0
8053,1100000.0
8057,600000.0
8065,950000.0
8068,1300000.0
8075,800000.0
8078,1500000.0
8093,500000.0
8094,950000.0
8097,1300000.0
8103,925000.0
8107,950000.0
8110,230000.0
8115,775000.0
8119,1000000.0
8120,725000.0
8122,875000.0
8132,875000.0
8134,875000.0
8136,650000.0
8148,750000.0
8163,950000.0
8165,1100000.0
8177,625000.0
8182,1000000.0
8185,575000.0
8192,600000.0
8199,1100000.0
8200,625000.0
8208,600000.0
8213,825000.0
8216,750000.0
8222,975000.0
8223,180000.0
8234,1200000.0
8243,270000.0
8251,1400000.0
8254,400000.0
8256,1100000.0
8259,1300000.0
8267,825000.0
8271,900000.0
8272,1100000.0
8273,575000.0
8274,525000.0
8279,1100000.0
8283,1200000.0
8284,1100000.0
8285,100000.0
8302,1000000.0
8304,1000000.0
8306,1000000.0
8309,975000.0
8315,270000.0
8317,650000.0
8327,1100000.0
8345,925000.0
8352,500000.0
8360,900000.0
8362,1400000.0
8363,825000.0
8365,500000.0
8367,675000.0
8369,375000.0
8370,525000.0
8371,300000.0
8373,675000.0
8374,650000.0
8378,700000.0
8384,260000.0
8387,725000.0
8390,625000.0
8394,550000.0
8395,875000.0
8396,875000.0
8400,1100000.0
8401,700000.0
8402,975000.0
8405,900000.0
8407,625000.0
8411,900000.0
8413,850000.0
8419,1000000.0
8420,700000.0
8425,625000.0
8428,250000.0
8431,750000.0
8442,575000.0
8448,1200000.0
8449,425000.0
8455,325000.0
8458,1400000.0
8467,725000.0
8468,425000.0
8478,875000.0
8479,1100000.0
8483,850000.0
8485,800000.0
8490,700000.0
8496,425000.0
8498,1000000.0
8500,650000.0
8504,775000.0
8505,625000.0
8510,1300000.0
8520,775000.0
8522,500000.0
8533,750000.0
8540,1400000.0
8547,925000.0
8560,375000.0
8569,700000.0
8580,675000.0
8583,1400000.0
8591,725000.0
8594,375000.0
8598,1000000.0
8603,950000.0
8611,625000.0
8617,1400000.0
8622,850000.0
8624,875000.0
8635,260000.0
8636,675000.0
8637,750000.0
8642,1100000.0
8643,500000.0
8644,850000.0
8648,1000000.0
8662,200000.0
8670,1100000.0
8672,850000.0
8675,1100000.0
8676,1100000.0
8677,500000.0
8689,700000.0
8690,500000.0
8691,575000.0
8698,600000.0
8702,800000.0
8703,875000.0
8705,70000.0
8712,675000.0
8716,550000.0
8717,750000.0
8718,550000.0
8719,775000.0
8721,425000.0
8724,500000.0
8731,775000.0
8736,625000.0
8746,300000.0
8749,725000.0
8756,850000.0
8757,875000.0
8761,400000.0
8762,1400000.0
8763,1000000.0
8772,1000000.0
8773,260000.0
8774,675000.0
8780,700000.0
8781,975000.0
8783,650000.0
8784,675000.0
8786,875000.0
8792,625000.0
8793,875000.0
8799,400000.0
8800,260000.0
8809,825000.0
8814,500000.0
8816,300000.0
8824,1000000.0
8826,750000.0
8829,625000.0
8832,325000.0
8834,750000.0
8835,675000.0
8837,900000.0
8844,600000.0
8846,775000.0
8851,975000.0
8859,975000.0
8861,600000.0
8862,675000.0
8865,375000.0
8868,675000.0
8871,825000.0
8873,725000.0
8884,475000.0
8892,400000.0
8898,260000.0
8902,475000.0
8906,675000.0
8908,825000.0
8909,425000.0
8913,675000.0
8915,1400000.0
8916,775000.0
8917,900000.0
8922,1000000.0
8925,650000.0
8930,550000.0
8934,775000.0
8938,375000.0
8940,1100000.0
8949,650000.0
8951,1300000.0
8953,260000.0
8958,675000.0
8962,550000.0
8973,875000.0
8976,750000.0
8982,900000.0
8986,675000.0
8987,1000000.0
8989,825000.0
8991,525000.0
8993,200000.0
9001,625000.0
9009,750000.0
9015,1000000.0
9016,1000000.0
9020,400000.0
9023,775000.0
9024,1300000.0
9027,500000.0
9028,525000.0
9033,925000.0
9038,600000.0
9042,775000.0
9048,1000000.0
9055,725000.0
9062,625000.0
9068,975000.0
9069,400000.0
9070,575000.0
9072,700000.0
9073,600000.0
9075,400000.0
9076,575000.0
9077,725000.0
9079,600000.0
9080,625000.0
9082,700000.0
9089,850000.0
9100,775000.0
9101,675000.0
9108,525000.0
9113,800000.0
9117,825000.0
9126,1200000.0
9132,500000.0
9135,500000.0
9137,825000.0
9141,625000.0
9148,675000.0
9153,775000.0
9159,875000.0
9170,775000.0
9172,200000.0
9173,625000.0
9176,725000.0
9192,260000.0
9194,1000000.0
9200,40000.0
9210,400000.0
9225,70000.0
9231,900000.0
9233,200000.0
9237,1000000.0
9239,625000.0
9242,900000.0
9247,1000000.0
9248,875000.0
9253,1000000.0
9277,500000.0
9281,700000.0
9283,525000.0
9293,675000.0
9297,325000.0
9298,675000.0
9304,260000.0
9306,725000.0
9309,575000.0
9337,750000.0
9341,850000.0
9343,675000.0
9346,675000.0
9347,750000.0
9351,575000.0
9352,900000.0
9359,375000.0
9365,875000.0
9367,975000.0
9368,625000.0
9371,675000.0
9374,425000.0
9377,700000.0
9383,875000.0
9385,700000.0
9398,675000.0
9401,775000.0
9405,900000.0
9411,425000.0
9412,875000.0
9419,650000.0
9424,220000.0
9430,850000.0
9431,950000.0
9437,525000.0
9439,550000.0
9441,950000.0
9442,625000.0
9453,575000.0
9457,600000.0
9460,300000.0
9465,900000.0
9483,500000.0
9484,425000.0
9489,950000.0
9491,900000.0
9504,500000.0
9506,675000.0
9508,525000.0
9513,1100000.0
9517,550000.0
9520,975000.0
9522,550000.0
9533,1100000.0
9542,975000.0
9543,325000.0
9548,625000.0
9550,400000.0
9560,425000.0
9563,650000.0
9581,650000.0
9582,300000.0
9585,400000.0
9589,775000.0
9590,750000.0
9593,725000.0
9604,750000.0
9611,750000.0
9613,800000.0
9619,525000.0
9633,220000.0
9638,375000.0
9646,325000.0
9654,650000.0
9656,550000.0
9663,800000.0
9671,1000000.0
9674,700000.0
9675,675000.0
9676,400000.0
9677,650000.0
9679,650000.0
9694,130000.0
9698,220000.0
9704,500000.0
9707,550000.0
9710,775000.0
9711,850000.0
9713,875000.0
9718,575000.0
9723,375000.0
9737,850000.0
9738,600000.0
9739,575000.0
9741,575000.0
9755,625000.0
9758,210000.0
9766,750000.0
9774,900000.0
9779,550000.0
9781,750000.0
9787,750000.0
9790,525000.0
9800,550000.0
9801,650000.0
9808,550000.0
9811,950000.0
9813,750000.0
9814,550000.0
9821,750000.0
9825,300000.0
9828,750000.0
9833,625000.0
9838,675000.0
9839,550000.0
9840,575000.0
9849,750000.0
9850,800000.0
9857,400000.0
9860,850000.0
9861,1100000.0
9864,750000.0
9865,975000.0
9866,575000.0
9868,575000.0
9872,775000.0
9880,575000.0
9882,600000.0
9888,675000.0
9891,550000.0
9900,425000.0
9901,425000.0
9904,550000.0
9905,550000.0
9907,400000.0
9911,270000.0
9917,425000.0
9918,850000.0
9919,650000.0
9921,600000.0
9928,575000.0
9935,625000.0
9938,550000.0
9946,1200000.0
9947,425000.0
9959,600000.0
9963,40000.0
9970,550000.0
9972,475000.0
9975,625000.0
9992,925000.0
9993,600000.0
9995,850000.0
10005,600000.0
10017,675000.0
10019,650000.0
10023,450000.0
10024,450000.0
10030,1100000.0
10031,500000.0
10033,775000.0
10034,475000.0
10039,750000.0
10043,600000.0
10051,750000.0
10072,600000.0
10080,525000.0
10084,650000.0
10087,375000.0
10101,650000.0
10102,750000.0
10105,500000.0
10109,525000.0
10110,550000.0
10113,550000.0
10116,625000.0
10125,550000.0
10134,725000.0
10141,775000.0
10142,800000.0
10147,575000.0
10149,400000.0
10152,675000.0
10156,425000.0
10162,575000.0
10164,550000.0
10165,525000.0
10178,750000.0
10179,130000.0
10181,650000.0
10185,550000.0
10186,525000.0
10187,850000.0
10195,600000.0
10205,450000.0
10208,700000.0
10214,70000.0
10216,475000.0
10222,450000.0
10226,400000.0
10229,525000.0
10240,675000.0
10242,650000.0
10245,700000.0
10249,1100000.0
10262,625000.0
10266,550000.0
10267,1100000.0
10269,120000.0
10275,600000.0
10282,575000.0
10287,70000.0
10288,600000.0
10303,550000.0
10308,875000.0
10322,525000.0
10323,475000.0
10326,775000.0
10329,650000.0
10344,625000.0
10348,550000.0
10349,500000.0
10350,575000.0
10353,800000.0
10356,400000.0
10362,475000.0
10375,140000.0
10388,475000.0
10389,525000.0
10390,725000.0
10391,575000.0
10392,575000.0
10397,600000.0
10411,750000.0
10418,140000.0
10423,350000.0
10434,500000.0
10437,425000.0
10449,60000.0
10453,725000.0
10457,575000.0
10460,110000.0
10462,60000.0
10463,450000.0
10468,525000.0
10469,450000.0
10478,325000.0
10483,350000.0
10486,300000.0
10487,675000.0
10489,500000.0
10494,575000.0
10498,500000.0
10505,475000.0
10515,575000.0
10516,500000.0
10518,575000.0
10521,900000.0
10523,575000.0
10527,950000.0
10533,775000.0
10539,600000.0
10541,425000.0
10544,525000.0
10545,550000.0
10551,450000.0
10555,500000.0
10557,475000.0
10558,625000.0
10573,775000.0
10584,30000.0
10591,325000.0
10595,600000.0
10608,450000.0
10613,575000.0
10616,525000.0
10617,950000.0
10621,575000.0
10623,625000.0
10629,350000.0
10632,550000.0
10641,650000.0
10644,975000.0
10645,425000.0
10658,625000.0
10659,700000.0
10663,525000.0
10665,450000.0
10683,525000.0
10693,375000.0
10695,500000.0
10697,425000.0
10706,500000.0
10707,725000.0
10714,875000.0
10715,500000.0
10725,400000.0
10727,425000.0
10729,110000.0
10733,600000.0
10745,575000.0
10752,525000.0
10755,725000.0
10757,450000.0
10759,425000.0
10764,500000.0
10772,625000.0
10781,525000.0
10783,775000.0
10785,600000.0
10789,450000.0
10791,140000.0
10792,375000.0
10797,875000.0
10801,500000.0
10806,180000.0
10808,575000.0
10811,260000.0
10813,375000.0
10817,725000.0
10821,475000.0
10823,400000.0
10829,675000.0
10840,475000.0
10843,575000.0
10847,180000.0
10855,850000.0
10857,725000.0
10861,350000.0
10865,675000.0
10866,300000.0
10869,375000.0
10875,350000.0
10881,425000.0
10883,325000.0
10884,525000.0
10888,400000.0
10892,600000.0
10894,675000.0
10895,675000.0
10901,575000.0
10902,525000.0
10905,700000.0
10911,450000.0
10915,600000.0
10918,500000.0
10919,425000.0
10926,475000.0
10927,575000.0
10930,725000.0
10932,350000.0
10935,350000.0
10937,425000.0
10938,425000.0
10945,425000.0
10946,400000.0
10947,675000.0
10948,725000.0
10949,400000.0
10952,925000.0
10954,60000.0
10959,500000.0
10976,550000.0
10977,825000.0
10980,625000.0
10981,625000.0
10984,180000.0
10993,300000.0
11005,475000.0
11011,525000.0
11023,575000.0
11037,725000.0
11038,375000.0
11039,290000.0
11041,500000.0
11044,450000.0
11049,260000.0
11051,900000.0
11059,450000.0
11071,600000.0
11073,450000.0
11083,350000.0
11084,825000.0
11086,550000.0
11091,850000.0
11092,550000.0
11093,450000.0
11097,525000.0
11110,450000.0
11115,500000.0
11117,625000.0
11120,450000.0
11121,500000.0
11123,700000.0
11124,675000.0
11127,450000.0
11137,350000.0
11145,425000.0
11146,825000.0
11152,425000.0
11154,600000.0
11155,675000.0
11156,800000.0
11157,625000.0
11158,260000.0
11161,575000.0
11167,600000.0
11169,625000.0
11170,600000.0
11171,300000.0
11173,475000.0
11177,475000.0
11183,300000.0
11190,725000.0
11191,525000.0
11200,400000.0
11205,475000.0
11211,675000.0
11230,300000.0
11232,500000.0
11233,375000.0
11236,625000.0
11237,675000.0
11244,140000.0
11259,525000.0
11261,475000.0
11265,525000.0
11272,525000.0
11278,650000.0
11283,260000.0
11284,525000.0
11292,725000.0
11294,575000.0
11305,475000.0
11307,450000.0
11311,425000.0
11314,625000.0
11320,325000.0
11321,375000.0
11323,700000.0
11337,475000.0
11343,475000.0
11345,525000.0
11347,525000.0
11356,425000.0
11363,375000.0
11375,375000.0
11377,290000.0
11382,600000.0
11383,650000.0
11385,500000.0
11386,425000.0
11391,425000.0
11399,350000.0
11400,400000.0
11405,550000.0
11407,550000.0
11408,260000.0
11410,190000.0
11412,375000.0
11416,700000.0
11419,525000.0
11422,600000.0
11423,150000.0
11425,425000.0
11427,725000.0
11432,375000.0
11434,550000.0
11436,270000.0
11440,300000.0
11442,400000.0
11452,600000.0
11453,650000.0
11458,525000.0
11463,150000.0
11464,800000.0
11471,400000.0
11481,475000.0
11507,270000.0
11510,650000.0
11511,625000.0
11514,300000.0
11515,650000.0
11516,600000.0
11517,400000.0
11519,650000.0
11525,425000.0
11526,425000.0
11533,725000.0
11534,475000.0
11539,600000.0
11540,350000.0
11545,450000.0
11546,500000.0
11547,775000.0
11551,220000.0
11554,475000.0
11555,300000.0
11561,50000.0
11567,525000.0
11575,450000.0
11578,350000.0
11580,375000.0
11584,500000.0
11590,425000.0
11593,475000.0
11595,350000.0
11598,350000.0
11599,550000.0
11601,90000.0
11610,575000.0
11612,600000.0
11617,220000.0
11620,425000.0
11625,500000.0
11626,725000.0
11628,220000.0
11633,450000.0
11636,300000.0
11639,425000.0
11651,100000.0
11666,500000.0
11669,375000.0
11673,300000.0
11675,375000.0
11676,500000.0
11684,750000.0
11685,700000.0
11689,350000.0
11694,475000.0
11695,550000.0
11711,450000.0
11716,550000.0
11718,280000.0
11720,500000.0
11722,550000.0
11731,375000.0
11738,450000.0
11744,375000.0
11745,450000.0
11751,525000.0
11753,375000.0
11760,525000.0
11763,475000.0
11764,800000.0
11770,500000.0
11776,400000.0
11800,475000.0
11801,90000.0
11804,375000.0
11808,475000.0
11820,650000.0
11824,400000.0
11825,725000.0
11831,400000.0
11840,300000.0
11841,500000.0
11854,550000.0
11857,675000.0
11863,475000.0
11864,825000.0
11869,350000.0
11871,725000.0
11883,475000.0
11884,350000.0
11890,375000.0
11894,500000.0
11895,450000.0
11899,375000.0
11905,500000.0
11911,270000.0
11917,375000.0
11920,450000.0
11921,750000.0
11926,220000.0
11928,725000.0
11929,750000.0
11930,725000.0
11935,500000.0
11939,725000.0
11942,400000.0
11948,350000.0
11949,280000.0
11957,425000.0
11961,475000.0
11962,300000.0
11963,500000.0
11966,475000.0
11970,375000.0
11971,240000.0
11975,500000.0
11981,425000.0
11985,400000.0
11991,550000.0
11992,525000.0
12004,240000.0
12005,450000.0
12006,550000.0
12012,550000.0
12017,700000.0
12018,20000.0
12019,475000.0
12022,575000.0
12025,290000.0
12031,280000.0
12034,500000.0
12037,500000.0
12039,650000.0
12050,500000.0
12060,450000.0
12061,475000.0
12067,425000.0
12081,400000.0
12097,350000.0
12099,800000.0
12100,375000.0
12102,220000.0
12103,550000.0
12107,525000.0
12116,425000.0
12125,350000.0
12126,725000.0
12147,500000.0
12158,375000.0
12165,425000.0
12169,600000.0
12171,270000.0
12172,500000.0
12181,200000.0
12186,475000.0
12187,500000.0
12189,750000.0
12191,425000.0
12193,500000.0
12195,650000.0
12199,575000.0
12202,650000.0
12203,475000.0
12212,400000.0
12219,500000.0
12221,600000.0
12223,325000.0
12228,400000.0
12237,525000.0
12238,290000.0
12245,725000.0
12246,290000.0
12254,350000.0
12257,650000.0
12264,525000.0
12270,525000.0
12281,375000.0
12283,170000.0
12293,475000.0
12304,450000.0
12308,400000.0
12317,290000.0
12318,400000.0
12320,200000.0
12322,650000.0
12323,400000.0
12329,425000.0
12330,325000.0
12339,550000.0
12340,325000.0
12341,400000.0
12346,425000.0
12352,650000.0
12353,350000.0
12359,425000.0
12360,400000.0
12363,325000.0
12365,375000.0
12366,375000.0
12369,625000.0
12371,200000.0
12379,300000.0
12394,675000.0
12414,400000.0
12415,350000.0
12417,600000.0
12419,300000.0
12420,270000.0
12424,200000.0
12425,250000.0
12431,240000.0
12439,425000.0
12489,350000.0
12490,650000.0
12492,675000.0
12500,500000.0
12505,650000.0
12506,350000.0
12516,290000.0
12519,550000.0
12521,325000.0
12523,400000.0
12525,325000.0
12529,325000.0
12531,450000.0
12541,400000.0
12545,650000.0
12549,250000.0
12559,425000.0
12560,675000.0
12561,425000.0
12566,650000.0
12575,425000.0
12578,525000.0
12588,230000.0
12589,400000.0
12595,290000.0
12599,375000.0
12604,120000.0
12611,220000.0
12614,300000.0
12615,450000.0
12623,300000.0
12625,120000.0
12629,300000.0
12631,575000.0
12633,350000.0
12638,400000.0
12639,600000.0
12642,180000.0
12645,290000.0
12648,375000.0
12655,375000.0
12656,325000.0
12660,425000.0
12662,230000.0
12674,240000.0
12676,400000.0
12681,525000.0
12691,575000.0
12695,400000.0
12697,290000.0
12708,300000.0
12710,425000.0
12717,120000.0
12720,400000.0
12722,400000.0
12739,200000.0
12743,600000.0
12746,350000.0
12756,120000.0
12759,350000.0
12761,170000.0
12762,475000.0
12763,375000.0
12764,325000.0
12784,325000.0
12786,400000.0
12787,350000.0
12794,300000.0
12801,400000.0
12807,325000.0
12808,425000.0
12814,450000.0
12815,600000.0
12826,120000.0
12829,290000.0
12834,375000.0
12837,325000.0
12839,450000.0
12843,525000.0
12848,350000.0
12849,475000.0
12860,425000.0
12864,450000.0
12868,475000.0
12875,400000.0
12880,425000.0
12885,290000.0
12886,350000.0
12892,425000.0
12904,325000.0
12907,170000.0
12911,300000.0
12920,400000.0
12922,300000.0
12928,575000.0
12935,575000.0
12936,300000.0
12937,375000.0
12938,675000.0
12939,400000.0
12940,325000.0
12946,375000.0
12950,625000.0
12953,625000.0
12970,120000.0
12979,120000.0
12988,300000.0
12991,400000.0
12996,270000.0
12997,200000.0
13012,600000.0
13013,425000.0
13016,325000.0
13033,450000.0
13043,270000.0
13051,400000.0
13056,425000.0
13060,525000.0
13061,270000.0
13064,475000.0
13069,475000.0
13075,220000.0
13077,650000.0
13080,290000.0
13084,450000.0
13086,375000.0
13091,400000.0
13092,550000.0
13096,300000.0
13103,375000.0
13123,180000.0
13125,200000.0
13133,350000.0
13136,500000.0
13139,500000.0
13140,140000.0
13145,550000.0
13146,400000.0
13148,525000.0
13152,375000.0
13160,350000.0
13173,500000.0
13174,450000.0
13183,180000.0
13187,325000.0
13192,100000.0
13193,550000.0
13197,475000.0
13201,240000.0
13216,300000.0
13219,325000.0
13220,475000.0
13227,475000.0
13230,325000.0
13237,375000.0
13238,60000.0
13241,180000.0
13244,375000.0
13245,200000.0
13259,200000.0
13265,260000.0
13271,375000.0
13274,325000.0
13282,475000.0
13284,240000.0
13287,325000.0
13293,270000.0
13295,350000.0
13296,350000.0
13299,100000.0
13300,250000.0
13301,425000.0
13305,425000.0
13308,500000.0
13313,350000.0
13320,140000.0
13324,325000.0
13333,450000.0
13334,280000.0
13339,350000.0
13343,400000.0
13346,350000.0
13351,325000.0
13365,325000.0
13368,525000.0
13373,450000.0
13378,140000.0
13379,400000.0
13386,325000.0
13387,400000.0
13396,375000.0
13398,525000.0
13401,375000.0
13402,350000.0
13406,250000.0
13407,375000.0
13418,400000.0
13425,290000.0
13438,400000.0
13442,250000.0
13443,180000.0
13444,240000.0
13449,325000.0
13453,350000.0
13458,450000.0
13469,400000.0
13472,100000.0
13484,525000.0
13501,550000.0
13502,80000.0
13503,375000.0
13504,260000.0
13508,290000.0
13509,350000.0
13519,375000.0
13520,500000.0
13521,525000.0
13522,475000.0
13527,350000.0
13530,375000.0
13532,350000.0
13536,350000.0
13538,475000.0
13543,450000.0
13548,450000.0
13549,375000.0
13551,450000.0
13556,375000.0
13560,325000.0
13561,230000.0
13566,500000.0
13576,500000.0
13577,475000.0
13583,425000.0
13590,280000.0
13592,260000.0
13594,450000.0
13596,450000.0
13598,375000.0
13601,300000.0
13607,240000.0
13608,525000.0
13611,350000.0
13618,270000.0
13620,450000.0
13622,475000.0
13624,260000.0
13631,60000.0
13637,280000.0
13655,260000.0
13664,375000.0
13666,500000.0
13667,260000.0
13684,400000.0
13697,260000.0
13702,260000.0
13704,210000.0
13715,550000.0
13717,375000.0
13721,475000.0
13723,525000.0
13725,375000.0
13729,210000.0
13732,325000.0
13739,325000.0
13740,375000.0
13746,160000.0
13748,280000.0
13756,260000.0
13761,210000.0
13764,260000.0
13765,400000.0
13768,260000.0
13772,280000.0
13785,240000.0
13786,170000.0
13788,375000.0
13804,350000.0
13806,400000.0
13808,250000.0
13810,450000.0
13820,325000.0
13822,325000.0
13826,375000.0
13831,260000.0
13832,375000.0
13836,450000.0
13844,325000.0
13849,240000.0
13852,240000.0
13860,325000.0
13869,250000.0
13870,450000.0
13872,300000.0
13878,450000.0
13882,210000.0
13890,400000.0
13891,240000.0
13894,240000.0
13898,375000.0
13903,200000.0
13908,180000.0
13911,240000.0
13913,250000.0
13914,425000.0
13915,230000.0
13916,240000.0
13929,350000.0
13935,325000.0
13941,375000.0
13944,260000.0
13945,210000.0
13952,325000.0
13953,260000.0
13960,160000.0
13961,210000.0
13973,450000.0
13974,400000.0
13976,325000.0
13977,350000.0
13981,400000.0
13992,325000.0
13993,120000.0
13994,450000.0
14005,280000.0
14012,450000.0
14015,250000.0
14017,240000.0
14020,325000.0
14022,260000.0
14025,350000.0
14037,350000.0
14050,325000.0
14064,350000.0
14065,220000.0
14076,220000.0
14077,280000.0
14078,150000.0
14081,260000.0
14088,325000.0
14100,240000.0
14101,200000.0
14104,450000.0
14115,240000.0
14129,400000.0
14130,160000.0
14136,425000.0
14144,450000.0
14153,240000.0
14156,280000.0
14165,170000.0
14168,150000.0
14169,250000.0
14170,20000.0
14174,250000.0
14180,450000.0
14185,325000.0
14186,375000.0
14196,120000.0
14198,220000.0
14211,450000.0
14223,300000.0
14227,350000.0
14231,230000.0
14235,425000.0
14256,280000.0
14257,210000.0
14261,325000.0
14263,280000.0
14264,270000.0
14268,280000.0
14282,450000.0
14286,210000.0
14300,450000.0
14304,300000.0
14305,300000.0
14311,210000.0
14313,450000.0
14316,300000.0
14317,400000.0
14329,200000.0
14330,160000.0
14332,150000.0
14336,240000.0
14338,220000.0
14339,240000.0
14348,230000.0
14351,300000.0
14353,180000.0
14355,190000.0
14362,240000.0
14365,200000.0
14366,150000.0
14367,140000.0
14377,90000.0
14378,140000.0
14379,240000.0
14380,300000.0
14396,180000.0
14398,260000.0
14400,325000.0
14401,170000.0
14406,200000.0
14414,220000.0
14420,325000.0
14428,170000.0
14429,180000.0
14432,325000.0
14434,120000.0
14440,290000.0
14441,280000.0
14446,210000.0
14454,240000.0
14455,120000.0
14466,180000.0
14469,200000.0
14472,150000.0
14473,240000.0
14486,40000.0
14488,300000.0
14489,300000.0
14490,160000.0
14499,200000.0
14508,290000.0
14535,210000.0
14539,325000.0
14541,260000.0
14547,260000.0
14556,190000.0
14559,200000.0
14561,270000.0
14563,325000.0
14564,280000.0
14565,200000.0
14571,300000.0
14574,325000.0
14576,240000.0
14581,180000.0
14584,270000.0
14599,270000.0
14606,180000.0
14607,240000.0
14611,300000.0
14621,240000.0
14625,220000.0
14626,300000.0
14631,130000.0
14635,170000.0
14636,20000.0
14639,280000.0
14649,170000.0
14650,220000.0
14655,325000.0
14658,240000.0
14659,150000.0
14669,325000.0
14671,300000.0
14681,210000.0
14684,240000.0
14685,220000.0
14686,190000.0
14689,150000.0
14690,180000.0
14692,160000.0
14693,230000.0
14694,290000.0
14700,300000.0
14703,220000.0
14714,170000.0
14734,160000.0
14737,270000.0
14740,220000.0
14742,140000.0
14744,40000.0
14745,220000.0
14750,200000.0
14757,150000.0
14758,290000.0
14761,190000.0
14762,300000.0
14771,190000.0
14778,270000.0
14784,180000.0
14786,230000.0
14802,180000.0
14805,220000.0
14812,240000.0
14819,260000.0
14820,270000.0
14826,120000.0
14827,280000.0
14835,40000.0
14843,130000.0
14848,180000.0
14858,180000.0
14861,210000.0
14862,210000.0
14863,160000.0
14867,190000.0
14869,220000.0
14874,130000.0
14881,180000.0
14882,170000.0
14900,160000.0
14906,280000.0
14908,150000.0
14917,170000.0
14920,180000.0
14927,170000.0
14930,10000.0
14935,230000.0
14939,280000.0
14944,180000.0
14945,200000.0
14950,210000.0
14954,250000.0
14967,170000.0
14968,210000.0
14969,190000.0
14979,130000.0
14987,250000.0
14996,180000.0
14999,220000.0
15009,150000.0
15021,20000.0
15022,230000.0
15024,230000.0
15028,160000.0
15032,130000.0
15036,180000.0
15040,180000.0
15041,280000.0
15052,120000.0
15053,200000.0
15055,210000.0
15070,210000.0
15072,230000.0
15073,180000.0
15076,240000.0
15078,180000.0
15080,170000.0
15081,130000.0
15091,100000.0
15095,180000.0
15105,150000.0
15112,170000.0
15117,170000.0
15122,90000.0
15127,200000.0
15133,210000.0
15135,250000.0
15139,140000.0
15142,210000.0
15147,150000.0
15151,270000.0
15152,260000.0
15159,180000.0
15164,250000.0
15169,100000.0
15174,140000.0
15175,160000.0
15180,230000.0
15183,240000.0
15191,250000.0
15193,10000.0
15195,180000.0
15197,120000.0
15199,150000.0
15201,220000.0
15207,220000.0
15209,150000.0
15213,230000.0
15215,110000.0
15221,150000.0
15225,110000.0
15234,130000.0
15246,180000.0
15249,200000.0
15250,210000.0
15264,180000.0
15267,80000.0
15275,130000.0
15277,160000.0
15282,150000.0
15286,200000.0
15290,110000.0
15292,160000.0
15293,100000.0
15306,160000.0
15310,170000.0
15333,190000.0
15334,230000.0
15339,230000.0
15353,230000.0
15356,130000.0
15357,220000.0
15360,100000.0
15371,220000.0
15378,190000.0
15386,190000.0
15387,220000.0
15389,170000.0
15392,180000.0
15393,170000.0
15396,220000.0
15401,110000.0
15422,180000.0
15431,220000.0
15448,150000.0
15457,190000.0
15460,200000.0
15462,140000.0
15463,140000.0
15476,220000.0
15478,160000.0
15484,160000.0
15489,150000.0
15490,210000.0
15493,10000.0
15498,130000.0
15504,120000.0
15511,120000.0
15517,210000.0
15518,90000.0
15520,110000.0
15529,150000.0
15533,180000.0
15536,190000.0
15539,160000.0
15540,200000.0
15546,220000.0
15552,140000.0
15563,110000.0
15564,130000.0
15569,110000.0
15573,150000.0
15574,160000.0
15584,110000.0
15600,130000.0
15602,130000.0
15604,90000.0
15608,130000.0
15612,130000.0
15614,120000.0
15615,90000.0
15616,160000.0
15621,170000.0
15622,150000.0
15630,180000.0
15631,120000.0
15632,200000.0
15638,110000.0
15640,160000.0
15645,140000.0
15647,110000.0
15652,200000.0
15670,110000.0
15673,110000.0
15692,160000.0
15694,180000.0
15697,180000.0
15702,110000.0
15703,190000.0
15721,180000.0
15722,120000.0
15737,110000.0
15738,100000.0
15750,160000.0
15751,190000.0
15754,90000.0
15763,160000.0
15765,140000.0
15769,120000.0
15773,110000.0
15777,160000.0
15781,120000.0
15795,160000.0
15796,110000.0
15800,20000.0
15825,140000.0
15831,140000.0
15836,120000.0
15838,120000.0
15840,120000.0
15844,110000.0
15860,190000.0
15865,110000.0
15870,130000.0
15871,140000.0
15878,140000.0
15885,140000.0
15887,120000.0
15892,110000.0
15893,110000.0
15897,180000.0
15898,180000.0
15902,180000.0
15905,80000.0
15908,90000.0
15911,110000.0
15920,110000.0
15926,110000.0
15932,140000.0
15934,180000.0
15936,170000.0
15937,110000.0
15938,150000.0
15939,160000.0
15951,150000.0
15970,180000.0
15981,110000.0
16003,160000.0
16004,110000.0
16012,120000.0
16013,180000.0
16015,90000.0
16020,140000.0
16033,160000.0
16036,170000.0
16049,90000.0
16051,150000.0
16052,120000.0
16053,180000.0
16064,160000.0
16067,180000.0
16074,110000.0
16082,90000.0
16092,70000.0
16093,180000.0
16095,140000.0
16096,180000.0
16097,130000.0
16100,150000.0
16102,120000.0
16103,180000.0
16116,130000.0
16118,130000.0
16121,110000.0
16122,110000.0
16124,120000.0
16126,120000.0
16128,90000.0
16133,120000.0
16138,90000.0
16141,130000.0
16153,20000.0
16155,120000.0
16160,70000.0
16163,130000.0
16183,130000.0
16191,80000.0
16199,100000.0
16209,110000.0
16222,90000.0
16226,140000.0
16230,120000.0
16241,130000.0
16248,140000.0
16259,130000.0
16261,100000.0
16263,130000.0
16270,80000.0
16274,140000.0
16287,130000.0
16296,130000.0
16300,110000.0
16306,90000.0
16309,100000.0
16311,110000.0
16324,130000.0
16328,150000.0
16329,130000.0
16332,80000.0
16336,90000.0
16343,130000.0
16346,120000.0
16361,50000.0
16365,80000.0
16383,70000.0
16390,80000.0
16394,120000.0
16411,120000.0
16415,100000.0
16426,110000.0
16428,120000.0
16430,80000.0
16432,130000.0
16438,80000.0
16448,120000.0
16459,100000.0
16463,70000.0
16467,130000.0
16478,70000.0
16489,110000.0
16498,120000.0
16510,80000.0
16527,100000.0
16529,70000.0
16540,100000.0
16542,70000.0
16546,80000.0
16551,70000.0
16559,90000.0
16561,110000.0
16562,100000.0
16567,100000.0
16568,100000.0
16574,90000.0
16579,80000.0
16581,90000.0
16583,110000.0
16590,70000.0
16594,90000.0
16596,100000.0
16603,80000.0
16613,90000.0
16620,70000.0
16621,100000.0
16634,40000.0
16637,90000.0
16639,110000.0
16640,100000.0
16641,80000.0
16651,70000.0
16659,100000.0
16660,70000.0
16684,40000.0
16693,80000.0
16702,50000.0
16705,70000.0
16707,80000.0
16721,70000.0
16722,70000.0
16728,70000.0
16733,70000.0
16746,70000.0
16762,60000.0
16773,50000.0
16778,70000.0
16784,60000.0
16801,50000.0
16814,50000.0
16818,40000.0
16838,60000.0
16854,50000.0
16861,30000.0
16872,50000.0
16873,50000.0
16874,50000.0
16888,40000.0
16889,60000.0
16913,60000.0
16918,70000.0
16924,60000.0
16929,50000.0
16932,60000.0
16937,50000.0
16943,60000.0
